11000,20,
11000,305,2-3 oz 
11000,312,Juice of 1 
11000,337,2-4 
11000,455,
11000,476,2 tsp 
11000,629,
11000,632,
11000,633,
11000,647,
11000,648,
11001,20,2 dashes
11001,71,4.5 cL
11001,476,1 cube
11001,513,dash
11001,621,
11001,633,
11001,642,
11001,643,
11001,644,
11001,647,
11002,1,1/2 oz 
11002,2,1/2 oz 
11002,4,1/2 oz 
11002,128,1 splash 
11002,299,Juice of 1/2 
11002,305,1/2 oz 
11002,621,
11002,632,
11003,2,1 oz 
11003,83,1 oz 
11003,482,1 oz 
11003,624,
11003,637,
11003,639,
11003,647,
11004,66,2 oz 
11004,106,1 
11004,299,1/2 slice 
11004,409,1/2 tsp 
11004,618,
11004,632,
11004,644,
11005,2,1 2/3 oz 
11005,189,1/3 oz 
11005,347,1 
11005,629,
11005,630,
11006,305,1 1/2 oz 
11006,312,Juice of 1/2 
11006,409,1 tsp 
11006,622,
11006,639,
11006,647,
11007,4,1 1/2 oz 
11007,308,1 oz 
11007,439,
11007,498,1/2 oz 
11007,622,
11007,632,
11007,644,
11007,647,
11008,20,dash 
11008,71,2 1/2 oz Blended 
11008,270,2 or 3 
11008,322,1 
11008,354,1 twist of 
11008,482,3/4 oz 
11008,621,
11008,632,
11008,633,
11008,644,
11008,646,
11009,1,2 oz 
11009,228,8 oz 
11009,308,2 oz 
11009,629,
11009,643,
11009,648,
11010,32,1 oz 
11010,312,1 
11010,498,1 oz 
11011,32,1 oz 
11011,293,1/2 tsp 
11011,498,1 oz 
11012,18,1 oz 
11012,293,1 dash 
11012,453,1/2 oz 
11012,458,1 oz 
11013,2,1 1/2 oz 
11013,294,Twist of 
11013,350,2 dashes 
11013,532,3/4 oz 
11014,2,1/2 oz 
11014,164,1/2 oz white 
11014,304,2 oz 
11014,344,
11014,622,
11016,74,1 oz 
11016,164,1 oz white 
11016,304,1 oz 
11016,344,
11016,646,
11019,296,1 1/2 oz 
11019,393,1 tblsp 
11019,498,1 dash 
11020,66,1 1/2 oz 
11020,189,1 oz 
11020,393,1 oz 
11020,618,
11021,61,1 1/2 tsp 
11021,71,1 oz 
11021,189,1 oz 
11021,293,1 1/2 tsp 
11021,294,1 twist of 
11021,624,
11022,2,1 oz 
11022,189,1 oz 
11022,288,1/2 tsp 
11023,179,2 oz 
11023,192,1 
11023,282,1 oz 
11023,621,
11024,18,1/2 oz 
11024,164,1/2 oz white 
11024,304,2 oz 
11025,18,1 1/2 oz 
11025,304,1 1/2 oz 
11026,18,1 1/2 oz 
11026,312,1 
11027,18,1 1/2 oz 
11027,127,
11027,308,1/2 oz 
11028,18,1 1/2 oz 
11028,520,3/4 oz 
11029,18,2 oz 
11029,486,6 oz hot 
11029,515,Chilled 
11034,2,1 oz 
11034,26,1/2 oz 
11034,32,1/2 oz 
11046,31,1 oz 
11046,293,1 oz 
11046,498,1 oz 
11046,625,
11050,32,1 oz 
11050,192,1 
11050,293,1/2 oz 
11050,305,1 1/2 oz 
11050,359,1 
11050,498,1 tsp 
11052,2,2 oz 
11052,53,1 tsp 
11052,312,1 
11052,528,1 oz Green Ginger 
11053,97,Chilled 
11053,246,1 tsp 
11054,2,2 oz 
11054,238,1/2 oz 
11054,293,2 tsp 
11054,294,1 twist of 
11055,2,1 1/2 oz 
11055,56,2 dashes 
11055,482,1 1/2 tsp 
11060,5,1 1/2 oz 
11060,56,2 dashes 
11060,189,1/2 oz 
11060,482,1/2 oz 
11060,621,
11064,47,1 
11064,106,1 
11064,305,1 1/2 oz 
11064,308,1 1/2 oz 
11064,476,1 tsp 
11064,498,1 tblsp 
11084,2,3/4 oz 
11084,74,3/4 oz 
11084,89,
11084,189,3/4 oz 
11084,294,
11102,1,1 1/2 oz 
11102,138,3/4 oz 
11106,294,1 twist of 
11106,453,1 1/2 oz 
11106,482,1 oz 
11106,624,
11112,4,1 oz 
11112,94,1 dash 
11112,293,1 dash 
11112,299,1 slice 
11112,483,1 dash 
11112,492,2 oz 
11113,1,1 1/2 oz 
11113,293,1 dash 
11113,312,1 wedge 
11113,483,2-3 drops 
11113,492,3 oz 
11113,529,1/2 tsp 
11113,643,
11113,645,
11113,648,
11117,1,1 oz 
11117,67,1 oz 
11117,106,
11117,300,
11117,648,
11118,4,1 1/2 oz 
11118,67,1 oz 
11118,308,1 oz 
11118,439,Coarse 
11119,1,1/2 oz 
11119,37,1 1/2 oz 
11119,293,1 tsp 
11119,352,1 oz 
11119,490,1/2 oz 
11120,2,1 1/2 oz 
11120,56,2 dashes 
11120,67,1/2 oz 
11120,294,1 twist of 
11120,322,1 
11120,498,1/2 oz 
11120,628,
11121,5,1 1/2 oz 
11121,53,1 1/4 tsp 
11121,294,1 twist of 
11121,482,1 1/2 oz 
11124,2,2 oz 
11124,56,2 dashes 
11124,189,1/2 oz 
11124,322,1 
11124,323,1/2 tsp 
11124,629,
11128,74,3/4 oz 
11128,305,3/4 oz 
11128,312,Juice of 1/2 
11128,498,3/4 oz 
11129,66,2 oz 
11129,106,1 
11129,192,1 
11129,299,1 slice 
11129,409,1 tsp 
11129,634,
11145,56,3 dashes 
11145,71,3 oz 
11145,322,1 
11145,359,1 
11145,476,1 
11145,513,1 tsp 
11146,71,2 oz 
11146,293,1 oz 
11146,294,1 twist of 
11146,476,1 tsp superfine 
11146,513,2 tsp 
11147,71,2 oz 
11147,293,1 oz 
11147,322,1 
11147,359,1 
11147,476,1/2 tsp superfine 
11149,2,1 1/2 oz 
11149,192,1 
11149,250,1/2 tsp 
11149,293,1 tsp 
11149,498,1 oz 
11149,624,
11157,74,2 oz 
11157,127,3 oz 
11157,299,1 
11157,322,1 
11157,359,1 
11157,476,1 tsp superfine 
11164,74,2 oz 
11164,194,1 whole 
11164,304,1/2 oz 
11164,344,1/8 tsp grated 
11164,476,1 tsp superfine 
11170,74,2 oz 
11170,106,1 
11170,299,1/2 slice 
11170,409,1/2 tsp 
11202,81,2 1/2 oz 
11202,312,1 
11202,476,2 tsp
11202,629,
11202,645,
11202,648,
11205,66,2 oz 
11205,89,
11205,250,1/4 tsp
11205,299,Juice of 1 
11205,312,Juice of 1 
11205,409,1 tblsp
11222,305,2 oz 
11222,308,1 1/2 tsp 
11222,323,1 1/2 tsp 
11222,498,1 1/2 tsp 
11222,618,
11222,644,
11224,2,2 oz 
11224,193,1 
11224,293,1/2 oz 
11224,323,1 tsp 
11224,350,1 dash 
11224,631,
11227,56,2 dashes 
11227,97,Chilled 
11227,141,1 dash
11227,294,1 twist of 
11227,476,1 piece 
11239,100,1 1/2 tsp 
11239,304,1 tblsp 
11239,305,1 1/4 oz 
11239,624,
11239,633,
11239,634,
11242,89,
11242,192,1 
11242,299,Juice of 1/2 
11242,305,1 oz 
11242,406,1 oz 
11242,409,1 tsp 
11242,631,
11243,1,1/2 oz 
11243,112,5 oz 
11243,282,1 oz 
11251,74,2 oz 
11251,293,1 tblsp 
11251,498,1/2 oz 
11251,621,
11255,453,1/2 oz 
11255,482,1 oz 
11255,528,1/2 oz Muscatel 
11255,621,
11288,128,
11288,305,2 oz 
11288,312,Juice of 1/2 
11288,621,
11288,639,
11288,644,
11288,645,
11288,648,
11320,2,1 1/2 oz 
11320,228,4 oz 
11320,312,1 
11320,629,
11320,633,
11320,636,
11324,5,2 1/2 oz 
11324,189,1 1/2 tsp 
11324,294,1 twist of 
11324,621,
11326,2,3/4 oz 
11326,56,1 dash 
11326,191,1 1/2 oz 
11326,294,1 twist of 
11326,621,
11338,2,3/4 oz 
11338,74,3/4 oz 
11338,89,
11338,294,
11338,482,3/4 oz 
11338,621,
11339,2,1 1/2 oz 
11339,32,3/4 oz 
11339,106,1 
11339,189,3/4 oz 
11339,250,1 tsp 
11339,293,1/4 tsp 
11339,623,
11368,2,2 oz 
11368,498,1/2 oz 
11368,629,
11368,632,
11369,5,1 oz 
11369,56,1 dash 
11369,475,1/4 tsp 
11369,482,1 oz 
11369,621,
11369,632,
11369,633,
11375,18,1/2 oz 
11375,164,1/2 oz 
11375,304,2 oz 
11375,622,
11382,53,1/2 oz 
11382,66,2 oz 
11382,299,1 slice 
11382,312,1 slice 
11382,621,
11382,632,
11387,106,1 
11387,270,1 cup crushed 
11387,305,1 1/2 oz 
11387,308,1 1/2 oz 
11387,476,1 tsp 
11387,498,1 tblsp 
11387,632,
11390,305,2 oz 
11390,308,1 tblsp 
11390,337,6 
11390,476,1 tsp 
11390,626,
11391,305,1 1/2 oz 
11391,308,1 tblsp 
11391,397,4 chunks 
11391,476,1/2 tsp 
11391,618,
11396,2,1 1/2 oz 
11396,74,1 oz 
11396,127,1 oz 
11396,482,1 oz 
11403,2,2 oz 
11403,312,1 
11403,497,5 oz 
11403,644,
11403,645,
11403,648,
11407,2,2 oz 
11407,89,
11407,294,
11407,357,
11407,409,
11407,629,
11408,2,2 oz 
11408,250,1/2 tsp 
11408,293,1 oz 
11408,322,1 
11408,359,1 
11408,476,1/2 tsp superfine 
11408,624,
11410,2,2 oz 
11410,89,
11410,299,Juice of 1/2 
11410,409,1 tsp 
11410,629,
11415,2,2 oz 
11415,299,Juice of 1/2 
11415,354,Twist of 
11415,409,1 tsp 
11415,513,1 tsp 
11415,629,
11416,2,2 oz 
11416,89,1 oz 
11416,106,1 
11416,337,4 
11416,359,1 slice 
11416,476,1 cube 
11416,632,
11417,2,2 oz 
11417,293,1 oz 
11417,322,1 
11417,359,1 
11417,476,1/2 tsp superfine 
11417,632,
11418,2,1 1/2 oz 
11418,89,
11418,250,1 tsp 
11418,397,3 chunks
11418,409,1 tblsp 
11418,470,2 
11418,624,
11419,2,2 oz 
11419,56,1 dash 
11419,127,3 oz 
11419,308,1 1/2 oz 
11419,476,1 tsp superfine 
11419,629,
11419,632,
11419,637,
11420,2,2 oz 
11420,294,1 twist of 
11420,409,1/2 tsp 
11420,513,2 tsp 
11420,629,
11420,643,
11422,1,1 oz 
11422,18,1 oz 
11422,259,1 oz 
11422,622,
11423,5,1 1/2 oz 
11423,18,3/4 oz 
11424,1,1 1/2 oz 
11424,18,3/4 oz 
11424,621,
11433,2,1 1/2 oz 
11433,250,1/2 tsp 
11433,393,1 oz 
11433,397,1 
11433,498,1 oz 
11433,618,
11433,632,
11462,1,1 oz 
11462,223,1/2 oz 
11462,352,4 oz 
11462,618,
11462,632,
11462,633,
11470,293,1 tsp 
11470,305,1 oz 
11470,393,1 oz 
11470,618,
11472,2,2 oz 
11472,393,1 tblsp 
11472,498,1/2 oz 
11472,618,
11476,5,1 1/2 oz 
11476,347,1 
11476,350,2 dashes 
11476,482,3/4 oz 
11476,621,
11524,66,1 1/2 oz 
11524,89,
11524,299,Juice of 1/2 
11524,305,1/2 oz 
11524,409,1 tsp 
11524,629,
11524,632,
11524,633,
11528,106,1 
11528,273,1 oz 
11528,352,1 oz 
11528,359,1 slice 
11528,375,1/2 oz 
11528,480,1 oz 
11528,625,
11542,26,1 1/2 oz 
11542,250,1 tsp 
11542,312,Juice of 1/2 
11542,624,
11558,66,1 1/2 oz 
11558,89,
11558,192,1 
11558,299,Juice of 1/2 
11558,406,1 tblsp
11558,409,1 tsp 
11558,629,
11566,2,1 1/2 oz 
11566,245,1/2 oz 
11566,532,1/2 oz 
11566,626,
11580,71,2 oz 
11580,127,3 oz 
11580,293,1 oz 
11580,322,1 
11580,359,1 
11580,476,1 tsp superfine 
11580,629,
11580,636,
11600,1,1 oz 
11600,308,1 oz 
11600,498,1 oz 
11600,618,
11602,53,1/2 oz 
11602,71,2 oz 
11602,621,
11604,53,1/2 oz 
11604,71,3 oz 
11604,294,1 twist of 
11604,621,
11634,2,2 oz 
11634,89,
11634,192,1 
11634,299,Juice of 1/2
11634,304,2 tsp 
11634,409,1 tsp 
11634,622,
11634,631,
11658,5,2 oz 
11658,187,1/2 oz 
11658,189,1/2 oz 
11658,294,1 twist of 
11658,621,
11658,632,
11662,2,1 1/2 oz 
11662,323,1/2 oz 
11662,350,2 dashes 
11662,629,
11664,2,1 1/2 oz 
11664,482,3/4 oz 
11664,629,
11666,2,
11666,89,
11666,189,
11666,294,
11666,357,
11666,409,
11666,625,
11670,179,1 1/2 oz 
11670,490,1/2 oz 
11670,621,
11670,633,
11690,106,1 
11690,305,1 oz 
11690,362,1/2 oz 
11690,480,1 1/2 oz 
11690,498,1/2 oz 
11690,647,
11690,648,
11720,2,1 oz 
11720,106,1 
11720,189,1 oz 
11720,350,1 dash 
11720,498,1/4 tsp 
11728,2,1 2/3 oz 
11728,189,1/3 oz 
11728,347,1 
11728,629,
11766,71,2 oz 
11766,179,1 oz 
11766,259,1/2 oz 
11786,71,1/2 oz 
11786,74,1 oz 
11786,89,
11786,299,Juice of 1/2
11786,305,1/2 oz 
11786,409,1 tblsp
11798,56,1 dash 
11798,242,3 oz 
11798,305,1 1/2 oz 
11798,618,
11844,66,2 oz 
11844,106,
11844,299,
11844,425," (Claret)
"
11844,476,1 tsp 
11844,618,
11844,620,
11844,624,
11844,633,
11870,2,1 1/2 oz 
11870,100,1/2 oz 
11870,228,
11870,352,4 oz 
11870,625,
11870,633,
11870,642,
11872,1,1/2 oz 
11872,18,1/2 oz 
11872,164,1/2 oz white 
11872,304,1 oz 
11872,498,1/2 oz 
11872,621,
11872,639,
11936,2,2 oz 
11936,56,3 dashes 
11936,623,
11936,629,
11936,642,
11938,2,1 1/2 oz 
11938,192,1 
11938,250,1 tsp 
11938,304,1 tsp 
11938,623,
11938,633,
11938,644,
11938,647,
11959,2,1 1/2 oz 
11959,164,3/4 oz white 
11959,629,
11961,246,1/2 oz 
11961,250,1 tblsp 
11961,624,
11963,74,1/2 tsp 
11963,406,2 1/2 oz 
11963,624,
11965,194,1 whole 
11965,304,2 tsp 
11965,344,
11965,406,1 1/2 oz 
11965,409,1 tsp 
11965,624,
11983,74,3/4 oz 
11983,299,Juice of 1/4 
11983,305,3/4 oz 
11983,418,2 tsp 
11983,624,
11985,305,1 1/2 
11985,312,Juice of 1/2 
11985,449,1/3 oz cream 
11985,621,
11987,137,1 oz 
11987,311,1 1/2 oz 
11987,449,1/2 oz cream 
11987,622,
11989,250,1 oz 
11989,297,
11989,425,2 oz 
11989,624,
11989,636,
11991,2,1 1/2 oz 
11991,53,1 1/2 tsp 
11991,189,1/2 oz 
11991,618,
11993,179,1 1/2 oz 
11993,282,1/2 oz 
11993,304,1 oz 
11993,344,1/8 tsp grated 
11993,621,
12055,2,1 oz 
12055,128,
12055,194,1 whole 
12055,480,2 oz 
12055,622,
12055,634,
12055,639,
12057,2,2 oz 
12057,89,
12057,194,1 whole 
12057,299,Juice of 1/2 
12057,409,1 tsp 
12057,622,
12067,127,3 oz 
12067,179,2 oz 
12067,299,1 
12067,322,1 
12067,359,1 
12067,476,1 tsp superfine 
12067,621,
12071,3,2 oz light or dark 
12071,297,4 oz 
12071,299,1 
12087,305,2 oz 
12087,333,1 cup 
12087,344,
12087,409,1 tsp 
12087,622,
12089,56,1 dash 
12089,305,1 1/2 oz 
12089,310,Twist of 
12089,409,1/2 tsp 
12089,513,1 tsp 
12089,571,1 tsp 
12089,621,
12091,305,1 1/2 oz 
12091,352,5 oz 
12091,618,
12093,293,1 oz 
12093,305,2 oz 
12093,322,1 
12093,359,1 
12093,476,1/2 tsp superfine 
12093,618,
12093,634,
12093,639,
12097,3,2 oz light or dark 
12097,294,1 twist of 
12097,409,2 tsp 
12097,513,2 tsp 
12097,621,
12097,634,
12097,639,
12097,643,
12101,5,1 1/2 oz 
12101,187,1/2 oz 
12101,294,1 twist of 
12107,2,1 1/2 oz 
12107,242,5 oz 
12107,439,1/4 tsp 
12107,623,
12107,632,
12107,637,
12127,71,2 oz 
12127,294,1 twist of 
12127,391,2 dashes 
12127,427,1 tsp 
12127,476,1/2 tsp superfine 
12127,513,1 tsp 
12127,621,
12130,18,1 oz 
12130,74,1 oz 
12130,304,1 oz 
12130,622,
12138,5,2 oz 
12138,74,4 dashes 
12138,174,4 dashes 
12138,337,1 
12138,359,1 slice 
12158,5,1 1/2 oz 
12158,106,1 
12158,299,1/2 slice 
12158,312,Juice of 1/2 
12158,409,1/2 tsp 
12158,618,
12158,632,
12158,633,
12162,1,2 oz 
12162,352,
12162,618,
12162,632,
12162,633,
12162,645,
12186,23,1 tsp 
12186,250,1/2 tsp 
12186,299,Juice of 1/4 
12186,305,1 oz Jamaican 
12188,194,1 whole 
12188,333,
12188,344,
12188,409,1 tsp 
12188,449,2 oz cream 
12188,622,
12188,631,
12188,633,
12188,643,
12188,646,
12190,194,1 whole 
12190,304,2 tsp 
12190,344,
12190,409,1 tsp 
12190,449,1 1/2 oz cream 
12190,622,
12190,631,
12190,633,
12196,141,2 oz 
12196,142,1/2 oz 
12196,293,1 oz 
12196,644,
12196,646,
12198,74,1 oz 
12198,299,Juice of 1/4 
12198,498,1/2 oz 
12214,2,1 oz 
12214,89,
12214,100,1/2 oz 
12214,106,
12214,250,1/2 oz 
12214,480,2 oz 
12224,189,1/4 tsp 
12224,350,1 dash 
12224,453,2 oz 
12256,23,1 1/2 oz 
12256,74,1 1/2 oz 
12256,621,
12308,32,1 oz 
12308,352,1 oz 
12308,480,1 oz 
12308,618,
12308,633,
12316,305,1 oz 
12316,308,1 oz 
12316,409,1 tsp 
12316,470,1 oz 
12316,473,1/2 oz 
12316,645,
12322,4,1 oz 
12322,293,1 oz 
12322,439,
12322,470,1 oz 
12322,473,1/2 oz 
12322,498,1/2 oz 
12322,648,
12362,4,2 oz 
12362,192,1 
12362,228,
12362,250,3/4 oz 
12362,293,1 tblsp 
12362,624,
12370,4,2 oz 
12370,106,1 
12370,299,1/2 slice 
12370,409,1 tsp 
12370,618,
12388,5,1 1/2 oz 
12388,352,1 oz 
12388,528,1 oz Green Ginger 
12388,624,
12402,2,2 oz 
12402,127,3 oz 
12402,293,1 oz 
12402,322,1 
12402,359,1 
12402,476,1 tsp superfine 
12402,629,
12402,645,
12418,2,1 oz 
12418,21,1/4 tsp 
12418,56,2 dashes 
12418,189,1 oz 
12418,354,Twist of 
12418,623,
12420,2,1 1/2 oz 
12420,21,1/4 tsp 
12420,106,1 
12420,189,1 1/2 oz 
12420,323,1/4 tsp 
12420,350,2 dashes 
12420,629,
12434,32,1 1/2 oz 
12434,350,2 dashes 
12434,352,1 tblsp 
12434,618,
12434,632,
12436,293,1 oz 
12436,305,3 oz 
12436,320,1 oz 
12436,622,
12442,89,
12442,165,3/4 oz 
12442,189,1 1/2 oz 
12442,624,
12442,632,
12442,636,
12444,192,1 
12444,299,Juice of 1/2 
12444,305,1 oz 
12444,409,1 tsp 
12444,482,1/2 oz 
12444,622,
12446,100,1/2 oz 
12446,179,2 oz 
12446,621,
12446,624,
12450,2,1 1/2 oz 
12450,74,1/2 oz 
12450,482,1/2 oz 
12450,621,
12452,1,1 1/2 oz 
12452,240,3 oz unsweetened 
12452,293,3 oz 
12452,359,1 slice 
12452,409,1 tsp 
12452,624,
12452,632,
12452,636,
12460,1,2 oz 
12460,497,
12460,629,
12460,632,
12460,636,
12474,2,3/4 oz 
12474,393,1 tblsp 
12474,498,3/4 oz 
12474,618,
12518,5,1 1/2 oz 
12518,528,1 oz Green Ginger 
12518,621,
12518,632,
12528,1,2 oz 
12528,138,1 oz 
12528,304,
12528,622,
12528,643,
12528,645,
12528,646,
12560,250,1 part 
12560,352,4 parts 
12560,393,4 parts 
12560,624,
12562,161,4 cl 
12562,250,1 cl 
12562,352,1 cl 
12562,393,2 cl 
12564,28,2 cups 
12564,617,1 large 
12572,250,1 cl 
12572,293,1 cl 
12572,372,6 cl 
12572,393,10 cl 
12572,633,
12618,293,5 cl 
12618,352,15 cl 
12618,455,
12618,475,2-3 cl 
12618,618,
12618,636,
12630,228,
12630,293,
12630,475,2 tsp 
12630,629,
12654,47,1/2 
12654,333,10 cl cold 
12654,352,4 cl 
12654,475,2 tsp 
12656,47,1 frozen 
12656,260," to taste
"
12656,333,1 cup 
12656,470,1/2 lb frozen 
12656,533,1 cup plain 
12658,28,2 cups fresh 
12658,47,1 frozen 
12658,470,1/2 lb frozen 
12668,115,2 tblsp 
12668,333,6 oz whole 
12668,455,6 oz 
12668,621,
12668,636,
12670,28,1 can frozen 
12670,30,1 
12670,270,
12670,299,1 
12670,455,1 L 
12670,470,1 cup 
12670,476,2 tblsp 
12670,629,
12672,220,1 cup 
12672,533,1 cup 
12672,622,
12674,47,1 
12674,222,1/2 piece textural 
12674,270,6 
12674,352,4 oz frozen 
12674,533,1 cup fruit 
12674,625,
12688,115,
12688,333,2 cups 
12688,336,
12688,621,
12688,639,
12690,173,1/2 tsp ground roasted 
12690,337,1/4 tsp dried 
12690,439,1/4 tsp 
12690,513,1 1/4 cup cold 
12690,533,1/2 cup plain 
12690,622,
12692,36,1 pinch 
12692,439,1 tsp 
12692,513,2 cups cold 
12692,533,1 cup 
12692,622,
12694,270,4-6 
12694,312,
12694,439,
12694,476,
12694,533,2 cups 
12694,622,
12696,293,2 tblsp 
12696,439,pinch 
12696,476,4 tblsp 
12696,513,2 cups cold 
12696,533,1 cup 
12696,622,
12698,319,2 
12698,476,1/2 cup 
12698,513,1 cup iced 
12698,533,2 cups 
12698,618,
12702,93,ground 
12702,230,2 pieces 
12702,299,1 lb 
12702,476,1 cup 
12702,513,1 gal 
12702,633,
12704,310,
12704,312,Juice of 1 
12704,455," (seltzer water)
"
12704,476,1 tblsp 
12704,626,
12704,632,
12706,2,2 cl 
12706,24,4 cl 
12706,308,4 cl 
12706,624,
12708,47,1 
12708,86,Juice of 1/2 
12710,30,2 
12710,54,1 cup 
12712,243,1 cup 
12712,299,1/4 
12712,397,1/2 
12714,286,3 
12714,366,1/2 
12714,626,
12716,319,1 
12716,359,2 
12718,230,1/4 inch 
12718,397,1/2 
12718,618,
12720,230,1 inch 
12720,299,1/4 
12720,513,1 cup hot 
12720,618,
12722,260,4 tsp 
12722,470,1 1/2 cup 
12722,513,1/2 cup 
12724,47,1 
12724,260,1 tblsp 
12724,333,2 cups 
12724,622,
12726,94,1 dash 
12726,293,1-2 tblsp 
12726,492,2 cups 
12726,624,
12728,222,1 cup 
12728,270,
12728,533,1 cup 
12728,622,
12730,131,1/2 cup 
12730,151,7 tsp 
12730,333,1 qt 
12730,476,1 cup 
12730,513,1/2 cup 
12732,116,3 oz Mexican 
12732,122,1 tsp powdered 
12732,194,3 
12732,333,6 cups 
12734,116,125 gr
12734,333,3/4 L 
12734,513,
12734,621,
12734,639,
12736,116,2 oz finely chopped dark 
12736,122,1 stick 
12736,259,2 oz 
12736,333,6-8 oz 
12736,508,1 
12736,515,Fresh 
12736,621,
12736,639,
12738,79,1 tsp 
12738,116,12 oz fine 
12738,256,1 cup 
12738,326,mini 
12738,502,1/2 tsp 
12738,621,
12738,639,
12744,131,3 tblsp 
12744,333,2 cups 
12744,439,1 dash 
12744,476,5 tblsp 
12744,502,1/4 tsp 
12744,513,3 tblsp hot 
12744,646,
12746,131,2 tsp 
12746,333,12 oz 
12746,476,1 tsp 
12746,502,1/2 tsp 
12746,621,
12746,639,
12746,643,
12748,116,4 oz chopped bittersweet or semi-sweet 
12748,200,1/2 tsp instant 
12748,333,2 cups 
12748,344,1/8 tsp ground 
12748,354,3 2-inch strips 
12748,621,
12750,116,2 oz sweet 
12750,122,1/2 tsp 
12750,193,2 beaten 
12750,333,2 cups 
12752,223,1/2 oz 
12752,299," wedge
"
12752,476,Bacardi 
12752,571,
12752,574,1/2 oz 
12752,618,
12752,633,
12754,1,1 oz 
12754,155,
12754,352,
12754,379,3/4 oz 
12754,645,
12754,648,
12756,1,4 cl 
12756,308,1 dash 
12756,455,
12758,223,1 part 
12758,293,3 parts 
12758,380,5 parts 
12758,452,1 part 
12758,623,
12760,2,2 parts 
12760,43,1 part 
12760,238,1/2 part 
12760,363,1 part 
12762,18,1 part 
12762,278,1 part 
12762,282,1 part 
12762,333,2 1/2 parts 
12764,139,1 part 
12764,237,2 parts 
12764,621,
12766,228,
12766,270,
12766,312,
12766,464,1 1/2 cl 
12766,629,
12766,632,
12768,139,1/2 cup black 
12768,333,1/2 cup 
12768,476,1-2 tsp 
12768,621,
12770,139,1/4 cup instant 
12770,333,4 cups cold 
12770,476,1/4 cup 
12770,513,1/4 cup hot 
12770,621,
12772,139,Strong cold 
12772,282,2 tsp 
12772,621,
12774,57,1-2 whole 
12774,90,3-4 crushed 
12774,122,1 piece 
12774,126,3 
12774,230,1 chunk dried 
12774,333,to taste
12774,476," to taste
"
12774,486,3-4 tsp 
12774,513,2 cups 
12774,633,
12776,131,
12776,200,
12776,260,Unsweetened 
12776,621,
12776,633,
12780,122,
12780,139,
12782,90,4-5 whole green 
12782,139,6 tblsp ground
12782,147,1/4 tsp 
12782,270,
12782,476,
12782,516,
12782,621,
12784,90,
12784,139,black
12784,161," pods
"
12784,476,
12786,145,2 tsp sweetened 
12786,270,cubes
12786,337,garnish
12786,486,1/4 cup Thai 
12786,513,1/2 cup boiling 
12786,621,
12790,1,1 bottle 
12790,22,50 ml pure 
12790,303,1 tblsp 
12790,476,50 gr 
12790,530,1 
12792,16,1 tblsp 
12792,34,2 
12792,74,1 cup 
12792,210,2 drops blue 
12792,231,1/2 tsp 
12792,237,1/2 cup pure 
12792,476,1 cup
12792,513,1/2 cup 
12794,1,1.5 cup 
12794,14,1 cracked 
12794,17,1 tblsp chopped 
12794,19,3 tblsp chopped
12794,22,3-6 crushed 
12794,122,1 one-inch 
12794,147,1/8 tsp powdered 
12794,210,1 drop green 
12794,325,1 tblsp fresh chopped 
12794,476,1/2 cup granulated 
12794,513,1/4 cup 
12796,1,3 cups 
12796,359,3 large 
12796,476,1 1/3 cup superfine 
12798,1,1 qt 
12798,139,10 tblsp instant 
12798,476,2 1/2 cups 
12798,502,4 tblsp 
12798,513,2 1/2 cups 
12798,621,
12798,639,
12800,1,1 1/2 cup
12800,87,
12800,139,1/2 cup instant 
12800,476,2 cups white 
12800,508,1/2
12800,513,2 cups 
12800,621,
12800,643,
12802,154,1/2 kg chopped 
12802,305,1/2 L 
12802,476,3/4 L 
12808,210,1 tblsp green 
12808,237,1 pint 
12808,387,1 oz pure 
12808,476,8 cups 
12808,513,6 cups 
12820,5,1 cup 
12820,115,1 tblsp 
12820,136,3 drops 
12820,145,1 can sweetened 
12820,256,1 1/4 cup 
12820,621,
12820,633,
12854,19,2 tsp dried and chopped 
12854,205,1/4 tsp crushed 
12854,260,1 1/2 cup mild 
12854,280,1 fifth 
12854,294,2 2 inch strips 
12856,3,1 cup 
12856,77,3/4-1 cup 
12856,139,4 tsp 
12856,502,4 tsp 
12856,513,1 cup 
12856,621,
12862,230,2 tsp 
12862,253,2 cups 
12862,293,1 1/2 tblsp 
12862,393,3-4 cups 
12862,397,1 1/2 cup 
12862,476,1 cup 
12862,513,3/4 cup 
12864,14,6 whole 
12864,27,4 qt 
12864,77,1 cup 
12864,122,3 sticks 
12864,126,6 whole 
12864,300,6 oz frozen 
12864,344,1 tsp ground 
12864,352,6 oz frozen 
12864,647,
12870,3,1 pint Jamaican 
12870,53,1 1/2 oz 
12870,74,1/2 pint 
12870,293,1/2 pint 
12870,352,1 pint 
12870,425,1 fifth 
12870,436,1 quart 
12870,486,1 quart black 
12876,201,2 pint 
12876,287,1 gal Tropical Berry 
12876,352,1/2 gal 
12876,528,1 bottle Boone Strawberry Hill 
12890,16,1 tblsp 
12890,155,4 cups 
12890,228,2 qt 
12890,393,4 cups 
12890,476,1 1/2 cup 
12890,624,
12910,71,1/2 cup 
12910,192,6 
12910,193,6 
12910,305,1/2 cup 
12910,333,2 cups 
12910,344,Ground 
12910,439,1/4 tsp 
12910,476,1/4 cup 
12910,502,1 tsp 
12910,516,1 cup 
12910,622,
12914,194,6 
12914,333,1 qt 
12914,439,1/4 tsp 
12914,476,1/4 cup 
12914,502,1 tsp 
12914,622,
12916,3,1 tsp 
12916,145,13 oz skimmed 
12916,194,1/2 cup 
12916,333,3/4 cup skimmed 
12916,344,"
"
12916,476,3 tblsp 
12916,502,1 tsp 
12916,622,
12916,631,
12944,122,1 
12944,126,3 
12944,294,1 tblsp 
12944,425,1 L 
12944,476,60 gr 
12944,513,125 ml 
12944,621,
12944,633,
12954,88,", orange
"
12954,240,
12954,448,
12954,624,
12988,74,1/4 cup 
12988,122,2 
12988,126,12 
12988,294,1 
12988,425,750 ml 
12988,476,1 cup 
12988,513,3 cups 
12988,624,
12988,642,
12988,643,
12988,646,
12988,647,
13020,122,
13020,126,
13020,293,1 cup 
13020,352,1 cup 
13020,425,1 bottle 
13020,476,1/2 cup 
13020,624,
13020,634,
13020,639,
13020,644,
13020,648,
13024,30,1 cup
13024,215,
13024,299,
13024,312," wedges
"
13024,359," wedges
"
13024,425,2 bottles 
13024,476,1 cup 
13024,513,2 cups hot 
13024,624,
13026,30,1 large 
13026,74,3-4 oz plain 
13026,299,1 large 
13026,359,1 large 
13026,425,1 1/2 L 
13026,455,
13026,476,1 cup 
13026,646,
13032,77,1/2 cup 
13032,122,3 3-inch 
13032,126,1/2 tsp 
13032,308,2 tblsp 
13032,352,20 oz 
13032,378,46 oz 
13032,644,
13036,299,Juice of 1 
13036,470,8-10 ripe 
13036,476,1 tblsp 
13036,513,1 cup 
13042,54,2 cups 
13042,97,1 bottle 
13042,127,28 oz 
13042,299,1 
13042,352,6 oz frozen 
13042,393,46 oz chilled 
13056,270,cubes
13056,297,5 oz 
13056,425,2 oz white or 
13056,624,
13056,632,
13058,299,2 
13058,352,1 cup 
13058,359,3 
13058,393,1 cup 
13058,425,1 bottle 
13058,624,
13066,43,
13066,250,
13066,282,
13068,4,1/2 oz 
13068,483,1/2 oz 
13070,7,1/2 oz 
13070,207,1/2 oz 
13070,483,1 dash 
13070,624,
13072,1,2 oz 
13072,105,2 oz 
13072,155,4 oz 
13072,352,4 oz 
13072,623,
13086,1,1 oz 
13086,67,1/2 oz 
13086,270,
13086,300,5 oz 
13086,476,
13086,498,1/2 oz 
13128,63,1 dash 
13128,120,1/2 pint 
13128,289,1/2 pint 
13128,621,
13128,634,
13128,637,
13128,639,
13162,43,1 cl 
13162,139,4 cl hot 
13162,161,
13162,212,1 1/2 
13162,282,1 cl 
13162,621,
13190,1,1 shot 
13190,18,1 shot 
13190,155,
13190,453,1 shot 
13190,498,1 shot 
13190,624,
13192,1,1/2 oz 
13192,2,1/2 oz 
13192,3,1/2 oz 
13192,67,1/2 oz 
13192,297,1 splash 
13192,457,2 oz 
13192,628,
13194,265,0.25 oz 
13194,600,0.75 oz 
13194,621,
13196,1,5 cl 
13196,20,4 dashes 
13196,270,4 
13196,312,1/2 
13196,497,1 dl Schweppes 
13196,629,
13196,632,
13196,637,
13198,43,1 part 
13198,282,1 part 
13198,331,1 part 
13198,620,
13198,621,
13198,622,
13198,626,
13200,52,12 oz 
13200,270,1 cup crushed 
13200,300,12 oz frozen 
13200,600,12 oz 
13200,618,
13200,633,
13202,1,1 oz 
13202,18,1 oz 
13202,52,1 oz 
13202,186,1 oz 
13202,571,1 oz Bacardi 
13202,621,
13202,640,
13204,127,1 oz 
13204,238,1 oz 
13204,293,2 oz sweetened 
13204,574,2 oz 
13204,636,
13206,270,crushed 
13206,312,2 
13206,476,2 tblsp 
13206,523,2-3 oz 
13206,629,
13206,634,
13214,192,
13214,270,1
13214,293,1 oz 
13214,400,2 oz 
13214,476,1-2 tblsp 
13214,622,
13214,633,
13222,235,1/2 oz 
13222,272,1/2 oz 
13222,624,
13282,13,1 part Bass pale 
13282,254,1 part 
13328,18,1 dash 
13328,113,1/2 shot 
13328,333,1/2 shot 
13328,621,
13328,639,
13328,646,
13332,238,1/3 shot 
13332,282,1/3 shot 
13332,440,1/3 shot 
13332,620,
13332,622,
13377,1,1 1/2 oz 
13377,155,4 oz 
13377,242,1 oz 
13377,624,
13377,632,
13377,637,
13377,645,
13377,648,
13389,120,1/2 pint sweet or dry 
13389,289,1/2 pint 
13395,235,1/2 oz 
13395,278,1/2 oz 
13395,331,1/2 oz 
13395,618,
13395,620,
13395,624,
13395,626,
13405,9,5 ml 
13405,199,30 ml 
13405,440,30 ml white 
13423,1,2 cl Smirnoff 
13423,127,1 dash 
13423,373,2 cl 
13423,458,2 cl 
13423,480,6 cl 
13497,67,1 shot 
13497,120,1/2 pint hard 
13497,289,1/2 pint 
13499,1,1 oz 
13499,43,1 oz 
13499,282,1 oz 
13499,361,1 
13499,503,2 scoops 
13499,621,
13499,633,
13501,18,1/3 
13501,43,1/3 
13501,141,1/3 
13501,620,
13501,621,
13501,622,
13535,1,2 cups 
13535,398,2 cups 
13535,466,1 L 
13535,624,
13535,636,
13539,1,1 1/2 oz 
13539,271,6 oz 
13539,293," to taste
"
13539,621,
13581,128,
13581,380,2-3 oz
13621,4,2 measures 
13621,250,
13621,352,
13621,618,
13621,624,
13621,647,
13621,648,
13625,1,1 oz 
13625,43,1 1/2 oz 
13625,282,1/2 oz 
13675,440,1/4 glass 
13675,441,3/4 glass 
13675,621,
13683,29,1 part 
13683,572,1 part 
13731,18,1 1/2 oz 
13731,457,3 oz 
13731,646,
13751,128,Fill with 
13751,179,1-2 shot 
13751,270,
13751,312,Squeeze 
13751,621,
13751,639,
13775,21,1 oz 
13775,61,1 oz 
13775,621,
13807,43,
13807,282,
13807,388,
13825,43,1 oz 
13825,139,2 oz Hazlenut 
13825,235,dash 
13825,259,2 oz 
13825,282,1 oz 
13837,97,5 parts 
13837,165,1 part 
13837,623,
13837,633,
13847,18,1 oz 
13847,275,1 oz 
13847,621,
13861,43,1 part 
13861,212,1 part 
13861,333,1 part 
13861,621,
13861,643,
13861,646,
13899,275,1/3 oz 
13899,279,1/3 oz 
13899,280,1/3 oz 
13936,176,frozen 
13936,392,frozen 
13936,571,5 oz Bacardi 
13936,622,
13936,624,
13938,2,1 oz 
13938,8,1 oz 
13938,497,4 oz 
13938,629,
13940,2,2 oz dry 
13940,293,0.75 oz 
13940,572,4 oz 
13971,139,8 oz 
13971,273,1 1/2 oz 
13971,476,1 tsp 
13971,515,1 tblsp 
13971,621,
13971,633,
13971,643,
13971,644,
13971,646,
13971,647,
14029,1,1 oz 
14029,164,1 oz white 
14053,80,1 oz 
14053,235,1 oz 
14053,333,1 oz 
14053,618,
14065,3,2 oz 
14065,18,2 oz 
14065,287,4 oz Grape 
14065,624,
14071,1,2 cl 
14071,67,1 cl 
14071,133,1 cl 
14071,466,Fill with 
14087,18,1 shot 
14087,155,1 shot 
14087,168,1 shot 
14087,624,
14095,138,1 shot 
14095,270,cubes
14095,305,1 shot Jamaican 
14095,333,
14095,621,
14095,631,
14107,299,1 slice 
14107,455,3 oz 
14107,466,1/2 oz 
14107,480,3/4 oz 
14107,574,1 1/2 oz 
14133,1,1 oz 
14133,142,1/2 oz 
14133,155,1 splash 
14133,312,Juice of 1/2 
14133,624,
14133,633,
14133,647,
14157,28,16 cl 
14157,510,4 cl 
14157,629,
14167,1,1 1/2 oz 
14167,189,3/4 oz 
14167,347,1 
14167,629,
14167,632,
14181,74,
14181,139,
14181,333,1/2 oz 
14181,498,1/2 oz 
14181,621,
14195,9,1 1/2 oz 
14195,270,cubes
14195,299,1 slice 
14195,300,8-10 oz cold 
14195,618,
14195,632,
14195,633,
14195,643,
14209,96,2 oz 
14209,131,2 tblsp 
14209,139,6 oz 
14209,515,
14209,621,
14229,43,1/3 part 
14229,212,1/3 part 
14229,282,1/3 part 
14272,1,1 shot 
14272,250,1 tblsp 
14272,352,Fill with 
14282,223,3/4 oz 
14282,282,3/4 oz 
14282,455,Fill with 
14306,18,1 part 
14306,352,1 part 
14306,457,1 part 
14356,43,3/4 oz 
14356,80,1/2 oz 
14356,232,3/4 oz 
14356,282,3/4 oz 
14356,333," to fill
"
14360,6,3/4 oz 
14360,155,1 oz 
14360,331,3/4 oz 
14360,466,1 splash 
14364,1,5 oz 
14364,3,7 oz 
14364,228,About 1 bottle 
14364,300,1 can 
14366,1,1 1/2 shot 
14366,142,1 1/2 shot 
14366,299,Juice of 1 wedge 
14366,618,
14366,647,
14366,648,
14372,270,Fill with 
14372,308,1/3 
14372,497,Top it up with 
14372,574,2/3 
14374,55,
14374,270,cubes
14374,399,1/3 part 
14374,574,2/3 part 
14378,18,1 shot 
14378,52,3/4 bottle 
14378,352,1 oz 
14378,618,
14446,1,1/2 oz 
14446,287,1/2 oz Grape 
14446,624,
14456,6,4 cl 
14456,476," (if needed)
"
14456,486,Turkish apple 
14456,618,
14456,633,
14466,43,
14466,282,
14466,440,
14466,620,
14466,621,
14466,629,
14482,103,1 part 
14482,270,cubes
14482,352,1 part 
14482,455,1 part 
14482,618,
14510,43,2 oz 
14510,161,
14510,503,2 scoops 
14510,643,
14538,43,1/3 oz 
14538,282,1/3 oz 
14538,440,1/3 oz 
14538,621,
14560,1,1/2 oz 
14560,264,Fill with 
14560,458,3/4 oz 
14560,520,1/2 oz 
14564,155,2 oz 
14564,163,0.5 oz 
14564,331,0.5 oz 
14564,455,2 oz 
14578,18,1 cl 
14578,250,1/4 cl 
14578,352,4 oz 
14584,8,2 shots 
14584,271,12 oz lemon 
14586,250,0.5 oz 
14586,352,4 oz 
14586,457,1 splash 
14586,464,1.5 oz 
14586,625,
14586,633,
14588,133,1 oz 
14588,142,1 oz 
14588,178,1 oz 
14588,305,1/2 oz 
14588,315,1/2 oz 
14588,333,3 oz 
14588,503,1 cup 
14588,571,1/2 oz Bacardi 
14594,142,5 cl 
14594,270,cubes
14594,293,2 cl 
14594,299," or lime
"
14594,618,
14598,238,1 splash 
14598,352,Fill with 
14598,507,2 1/2 oz 
14602,4,full glass 
14602,483,About 8 drops 
14602,620,
14602,624,
14602,629,
14608,228,
14608,464,1 oz 
14608,629,
14608,636,
14610,526,1 oz 
14610,571,1 oz Bacardi 
14610,621,
14622,1,1/3 part 
14622,85,1 dash 
14622,241,1/3 part 
14622,270,lots 
14622,352,1/3 part 
14642,250,1 dash 
14642,282,1 oz 
14642,571,1 oz Bacardi 
14642,624,
14688,1,1/2 oz 
14688,278,1/2 oz 
14688,440,1/2 oz 
14688,621,
14688,632,
14688,633,
14730,1,1/4 
14730,44,1/4 
14730,352,1/4 
14730,379,1/4 
14730,618,
14752,55,2 parts 
14752,270,cubes
14752,285,1 part 
14752,626,
14782,43,3/4 shot 
14782,139,6 oz hot 
14782,273,1 shot 
14782,621,
14782,646,
14842,43,1 oz 
14842,161,3/4 oz double 
14842,520,3/4 oz 
14842,622,
14860,139,1 part 
14860,238,3 parts 
14860,621,
14888,382,4 shots 
14888,478,4 shots 
14888,629,
14956,1,2 cups 
14956,276,3 packages 
14956,513,3 cups 
14956,641,
14978,3,mikey bottle 
14978,221,355 ml frozen 
14978,228,large bottle 
14978,270,crushed 
14978,352,355 ml frozen 
14978,624,
14978,634,
14978,639,
14978,646,
15006,18,3/4 oz 
15006,393,1 splash 
15006,526,1 oz 
15006,621,
15024,8,2 oz 
15024,155,4 oz 
15024,228,2 oz 
15024,270,Add 
15026,25,2 cl 
15026,28,8 cl 
15026,157,4 cl 
15026,270,cubes
15026,444,7 cl 
15026,621,
15082,96,1/2 oz 
15082,155,1 oz 
15082,168,1 1/2 oz 
15082,379,1 oz 
15082,624,
15082,637,
15082,639,
15086,39,1 oz 
15086,152,1 bottle 
15092,28,1 part 
15092,270,
15092,352,1 part 
15092,393,1 part 
15092,621,
15106,28,1 cl 
15106,242,3 cl 
15106,322,1 
15106,352,4 cl 
15106,625,
15106,632,
15106,633,
15178,100,1/2 part 
15178,458,1 part 
15178,480,1 splash 
15178,534,1 part 
15178,618,
15178,633,
15182,1,2 cl 
15182,163,1 cl 
15182,352,
15182,625,
15184,1,2 cl 
15184,163,2 cl 
15184,250,
15184,352,
15184,618,
15184,624,
15194,18,2 oz 
15194,74,2 oz 
15194,112,2 scoops 
15200,18,1/2 oz 
15200,135,1 oz 
15200,250,1/2 oz 
15200,352,4 oz 
15224,155,1 part 
15224,315,2 parts 
15224,499,2 parts 
15226,99,
15226,250,
15226,315,1 shot 
15226,352,
15226,393,1 shot 
15226,571,1 shot Bacardi 
15226,618,
15226,624,
15254,278,1/2 oz 
15254,431,1/2 oz 
15254,621,
15266,1,3 parts
15266,28,6 parts 
15266,293,1 1/2 part 
15266,300,
15266,399,1 part 
15266,618,
15266,626,
15288,526,1/2 shot 
15288,571,1/2 shot Bacardi 
15300,1,1/2 oz
15300,2,1/2 oz
15300,4,1/2 oz
15300,56,1 wedge 
15300,128,1/2 oz
15300,299,Garnish with
15300,305,1/2 oz
15300,480,1-2 dash 
15300,498,1/2 oz
15328,43,2 cl 
15328,440,2 cl 
15328,520,2 cl 
15328,621,
15328,646,
15330,1,1 oz 
15330,352,1 oz 
15330,498,1 oz 
15330,625,
15330,633,
15330,644,
15346,1,1 shot 
15346,179,1 shot 
15346,305,2 shots 
15346,352,1 shot 
15395,6,1/2 oz 
15395,18,1/4 oz 
15395,96,1/4 oz 
15395,155,1/2 oz 
15395,238,1/4 oz 
15395,315,1/4 oz 
15395,331,1/4 oz 
15395,393,1/4 oz 
15403,1,2 oz 
15403,444,
15403,624,
15403,629,
15403,632,
15403,636,
15409,139,3 parts 
15409,201,1 part 
15409,621,
15423,4,1.5 oz 
15423,289,16 oz 
15427,67,1 1/2 cl 
15427,315,1 1/2 cl 
15427,379,1 1/2 cl 
15427,480,3 cl 
15427,628,
15511,282,2 oz 
15511,333,8 oz 
15511,503,2 scoops 
15511,622,
15515,18,4 oz 
15515,139,8 oz 
15515,275,4 oz 
15515,515,
15515,621,
15521,35,4 cl 
15521,139,1 cup
15521,476,By taste 
15567,1,1/2 
15567,300,1/2 can 
15567,476,10 tsp 
15567,513,1/2 
15597,8,1 1/2 oz 
15597,133,1/2 oz 
15597,155,1 1/2 oz 
15597,379,1/2 oz 
15597,393,1 1/2 oz 
15615,44,1 shot 
15615,47,1 piece 
15615,106,1 
15615,112,2 scoops 
15615,114,4 oz 
15615,115,1 oz 
15615,164,2 shots 
15615,515,1 
15639,18,1/2 oz 
15639,161,1 oz 
15639,272,1/2 oz 
15639,282,1/2 oz 
15639,571,1/2 oz Bacardi 
15639,621,
15639,631,
15675,1,2 oz 
15675,284,1 oz 
15675,444,
15675,470,5 
15675,472,1 tsp 
15691,52,
15691,128," slice
"
15691,165,
15691,299,
15691,300,
15691,431,
15691,572,
15691,624,
15743,139,1/2 
15743,379,1/2 
15743,621,
15743,632,
15743,633,
15743,637,
15743,646,
15761,59,25 ml 
15761,352,Add 250 ml 
15761,618,
15761,621,
15789,65,A little bit of 
15789,120,1/2 pint 
15789,289,1/2 pint 
15801,331,1.5 oz 
15801,535,12 oz 
15801,626,
15813,265,5 shots 
15813,486,very sweet 
15813,622,
15813,633,
15825,3,1/6 glass 
15825,139,1/6 glass strong black 
15825,513,1/2 glass cold 
15825,515,
15825,621,
15825,631,
15841,20,8 drops 
15841,127,1/8 L 
15841,179,1/8 L Jamaican 
15841,293,3 cl 
15841,337,1/2 handful 
15841,621,
15841,632,
15841,633,
15849,1,1 fifth 
15849,32,1 qt 
15849,97,4 fifth 
15849,352,1/2 gal 
15849,572,4 L 
15853,43,1/3 
15853,238,1/3 
15853,282,1/4 
15853,618,
15853,620,
15853,622,
15933,270,cubes
15933,431,Add 10 oz 
15933,440,1 1/2 oz 
15933,621,
15941,83,1 oz 
15941,294,Twist of 
15941,354,Twist of 
15941,482,1 oz red 
15951,1,
15951,100,
15951,115,
15951,270,cubes
15951,333,
15997,223,2 1/2 shots 
15997,228,
15997,270,
15997,618,
16031,52,12 oz 
16031,572,12 oz 
16031,618,
16031,632,
16041,352,1 L 
16041,389,750 ml 
16041,458,750 ml 
16041,624,
16047,83,1 1/2 cl 
16047,289,1 bottle 
16047,624,
16082,18,3/4 oz 
16082,139,8 oz 
16082,178,1/2 oz 
16100,4,2 oz 
16100,18,2 oz 
16100,352,Add splash 
16100,457,2 oz 
16108,351,1/2 oz 
16108,352,1 oz 
16108,472,1 splash 
16108,574,2 oz 
16134,228,Fill to top 
16134,352,1 shot 
16134,498,1 shot 
16134,574,1 shot 
16158,4,2 oz 
16158,158,1/4 cup 
16158,270,1 cup 
16158,308,3 tblsp fresh 
16158,618,
16176,1,3 oz 
16176,270,8 cubes
16176,294,1 
16176,378,1.5 oz 
16176,379,1.5 oz 
16178,1,1 jigger 
16178,2,2 jiggers 
16178,250,3 dashes 
16178,308,1 shot 
16178,455,Fill to top with 
16178,475,3 dashes 
16178,476,Around rim put 1 pinch 
16178,624,
16178,632,
16178,633,
16196,4,2/5 
16196,250,1/5 
16196,573,2/5 
16196,623,
16196,632,
16196,633,
16202,18,
16202,331,
16202,393,
16202,480,
16250,61,1 oz 
16250,155,3-4 oz 
16250,315,1 1/2 oz 
16250,352,3-4 oz 
16250,393,3-4 oz 
16250,621,
16250,624,
16250,633,
16262,43,8 cl 
16262,139,
16262,601,4 cl 
16262,621,
16271,67,1 oz 
16271,164,1 1/2 oz 
16271,305,1/2 oz 
16273,1,1 1/2 cup 
16273,300,1 can 
16273,513,3 cans 
16273,629,
16275,128,10-12 oz 
16275,270,4-5 
16275,487,2 oz 
16275,502,1 tsp 
16275,621,
16275,633,
16275,636,
16289,4,3 oz 
16289,27,12 oz 
16295,155,1/2 glass 
16295,179,1 shot 
16295,359,1 slice 
16295,478,1/2 glass 
16311,275,1 oz 
16311,331,1/2 oz 
16311,457,2 oz 
16333,1,1 part 
16333,3,1 part 
16333,4,1 part 
16333,220,
16333,222,
16333,270,
16333,439,1-3 pint 
16333,498,1/2 part 
16333,624,
16354,1,1/3 oz 
16354,331,1/3 oz 
16354,480,1/3 oz 
16403,254,1/2 
16403,431,1/2 
16405,18,1 shot 
16405,270,cubes
16405,457,
16405,458,1 shot 
16419,161,Fill with 
16419,168,1 shot 
16419,282,1 shot 
16447,71,2 oz 
16447,128,1 can 
16447,503,2 scoops 
16485,43,1 oz 
16485,67,1 oz 
16485,282,1 oz 
16485,440,1 oz 
16485,621,
16485,640,
16485,643,
16942,1,1 shot 
16942,96,1 shot 
16942,455,Fill with 
16942,624,
16942,629,
16943,1,1 oz 
16943,155,3 oz 
16943,352,3 oz 
16943,379,1 oz 
16951,74,1/2 oz 
16951,139,
16951,282,1 oz 
16951,621,
16951,631,
16958,28,3 parts 
16958,122,3 dashes 
16958,315,1 part 
16963,1,1 1/4 oz Stoli 
16963,363,1/4 oz 
16963,629,
16967,1,2 oz 
16967,256,2 oz 
16967,270,
16967,313,2 oz 
16967,344,
16967,622,
16967,632,
16967,636,
16984,1,1 oz 
16984,2,1 oz 
16984,3,1 oz 
16984,4,1 oz 
16984,96,1 oz 
16984,315,1 oz 
16984,331,1 oz 
16984,498,1 oz 
16984,626,
16985,275,1 part 
16985,279,1 part 
16985,526,1 oz 
16985,621,
16986,312,2 wedges 
16986,457,2 oz 
16986,458,2 oz 
16986,498,1/2 oz 
16986,618,
16987,1,3/4 oz 
16987,43,3/4 oz 
16987,71,3/4 oz 
16987,352,2-3 oz 
16987,625,
16987,633,
16990,232,2 shots 
16990,333,
16990,621,
16991,4,2 shots 
16991,221,2 part 
16991,466,1 part 
16991,571,Float Bacardi 
16991,623,
16991,636,
16992,1,1750 ml 
16992,155,1 gal 
16992,201,750 ml 
16992,352,1 gal 
16992,379,1750 ml 
16992,623,
16992,633,
16995,1,1 oz 
16995,3,1 oz 
16995,161,1 package 
16995,270,Over 
16995,352,4 oz 
16995,618,
16998,1,1/2 oz 
16998,96,1/2 oz 
16998,155,1/2 oz 
16998,382,1/2 oz 
17002,1,1/2 oz 
17002,4,1/2 oz 
17002,179,1/2 oz 
17002,328,1/2 oz 
17002,338,Fill with 
17002,498,1/2 oz 
17005,18,1 jigger 
17005,270,
17005,299,Juice of 1/2 
17005,322,
17006,287,1/2 tsp Tropical 
17006,571,2 oz light 
17006,618,
17006,624,
17015,1,1 shot 
17015,128,1 dash 
17015,254,Fill with 
17015,282,1 shot 
17015,621,
17020,235,1 oz 
17020,278,1 oz 
17027,96,3 oz 
17027,535,12 oz 
17027,623,
17035,39,1 shot 
17035,152,1 
17035,621,
17044,1,1 fifth 
17044,139,1 1/2 oz instant 
17044,149,1 cup 
17044,476,2 1/2 cups 
17044,502,2 oz 
17044,513,3 cups boiling 
17044,621,
17044,639,
17060,235,1/2 oz 
17060,278,1/2 oz 
17060,435,1/2 oz 
17060,571,1/2 oz Bacardi 
17065,152,1 bottle 
17065,305,1 shot 
17066,1,30 ml 
17066,2,30 ml 
17066,270,1/2 glass crushed 
17066,307,45 ml 
17074,1,1 shot 
17074,158,1 splash 
17074,234,1 shot 
17074,250,1 dash 
17074,270,crushed 
17074,315,1 shot 
17074,352,1 splash 
17074,393,1 splash 
17074,397,1 wedge 
17079,43,1/2 oz 
17079,282,2 1/2 oz 
17094,18,1 shot 
17094,238,1 shot 
17094,458,1 shot 
17105,1,
17105,67,
17105,70,
17105,457,
17105,572,
17108,128,1 dl 
17108,293,7 drops 
17108,621,
17108,634,
17114,2,2 oz 
17114,155,5 oz 
17114,250,2 splashes 
17114,624,
17118,270,cubes
17118,327,5 oz blue 
17118,338,5 oz 
17120,1,1 fifth Smirnoff red label 
17120,3,1 pint 
17120,201,1 fifth 
17120,293,1 small bottle 
17120,338,2 L 
17120,478,2 L 
17120,626,
17122,168,1 part 
17122,212,1 part 
17122,620,
17122,629,
17135,39,1 part 
17135,128,2 parts 
17135,621,
17141,352,1/3 part 
17141,379,1 shot 
17141,389,1/3 part 
17141,425,1/3 part 
17141,624,
17167,270,
17167,297,4 oz 
17167,419,2 oz 
17167,624,
17168,18,3 shots 
17168,120,1/2 cup 
17168,270,Add 1/2 cup 
17168,498,1/2 jigger 
17174,1,1 oz
17174,2,1 oz
17174,4,1 oz
17174,102,1 oz
17174,127,3 oz
17174,480,1 oz
17174,498,1 oz
17174,523,1 oz
17175,12,10 ml
17175,81,25 ml
17175,97,top up with
17175,293,15 ml
17176,77,2 tsp
17176,228,top up with
17176,270,fill
17176,312,Â½
17176,372,4 cl
17176,618,
17177,81,2 1/2 oz
17177,181,2 tsp 
17177,312,1
17177,629,
17178,43,2/3 oz
17178,96,1/3 oz
17178,475,1 tsp
17178,476,2 pinches
17178,620,
17178,621,
17180,2,4.5 cl
17180,293,1.5 cl
17180,323,1.5 cl
17180,627,
17180,632,
17180,633,
17180,634,
17180,647,
17181,1,70ml/2fl oz
17181,189,1 tbsp
17181,299,1 wedge
17181,347,1
17181,576,2 tbsp
17181,629,
17181,634,
17181,638,
17182,20,2 Dashes
17182,308,2.5 cl
17182,386,Pinch
17182,400,5 cl
17182,577,2.5 cl
17182,578,1.5 cl
17182,579,2 sprigs
17182,622,
17183,250,1 dash 
17183,305,1 3/4 oz Bacardi 
17183,308,1 oz 
17183,475,1/2 tsp 
17184,74,1 oz 
17184,293,1 oz 
17184,305,1 oz 
17184,498,1 oz 
17185,2,2 oz 
17185,106,1 
17185,293,1/4 tsp 
17185,323,1/4 tsp 
17185,350,2 dashes 
17185,629,
17186,2,1 1/2 oz 
17186,192,1 
17186,250,2 tsp 
17186,299,Juice of 1/2 
17186,623,
17186,631,
17187,2,6 cl
17187,337,2 Fresh leaves
17187,540,2 dashes
17187,629,
17188,250,1/2 tsp 
17188,305,1 1/2 oz 
17188,322,1 
17188,323,1/2 tsp 
17188,393,1 oz 
17188,624,
17188,633,
17189,2,2 oz 
17189,53,1 tsp 
17189,250,1 tsp 
17189,352,1/2 oz 
17189,625,
17190,2,7 parts
17190,32,4 parts
17190,352,3 parts 
17190,618,
17190,633,
17191,179,1 part 
17191,352,2 parts 
17191,362,1/2 part 
17191,393,1 part 
17191,625,
17192,74,3 parts
17192,193,2 parts
17192,406,9 parts
17192,621,
17192,631,
17192,633,
17193,74,1 1/2 oz 
17193,520,1/2 oz 
17193,621,
17194,2,4cl
17194,293,2cl
17194,498,3cl
17194,622,
17194,632,
17195,97,6 oz 
17195,379,1 oz 
17195,625,
17195,635,
17195,646,
17195,648,
17196,1,1 1/4 oz 
17196,142,1/4 oz 
17196,155,1/4 cup 
17196,308,1/4 oz 
17197,2,1 1/2 oz 
17197,97,4 oz Chilled 
17197,293,1 1/2 oz 
17197,322,1 
17197,359,1 
17197,476,2 tsp superfine 
17197,629,
17197,632,
17197,647,
17197,648,
17198,18,3/4 oz 
17198,141,1 1/2 oz 
17199,161,1 part
17199,223,2 parts
17199,352,2 parts
17199,498,2 parts
17200,164,3/4 oz white 
17200,246,3/4 oz 
17200,304,3/4 oz 
17200,626,
17200,633,
17200,645,
17201,3,12 parts
17201,242,8 parts
17201,308,3 parts
17201,323,3 parts
17201,621,
17202,56,2 dashes 
17202,74,2 oz 
17202,228,5 oz 
17202,294,1 long strip 
17202,632,
17203,97,5 parts 
17203,165,1 part 
17203,623,
17204,1,1/2 oz 
17204,2,1/2 oz 
17204,4,1/2 oz 
17204,128,1 dash 
17204,294,Twist of 
17204,305,1/2 oz 
17204,621,
17204,645,
17205,97,Chilled 
17205,352,2 oz 
17205,618,
17206,71,2 1/2 oz 
17206,337,4 fresh 
17206,409,1 tsp 
17206,513,2 tsp 
17206,629,
17206,632,
17206,644,
17206,647,
17207,134,3 tblsp 
17207,305,3 oz 
17207,397,3 tblsp 
17207,622,
17207,631,
17207,633,
17207,645,
17208,2,1 oz 
17208,32,1/2 oz 
17208,189,1/2 oz 
17208,250,1 tsp 
17208,293,1/2 tsp 
17208,409,
17208,623,
17209,3,4.5 cl
17209,223,1.5 cl
17209,308, 1 dash
17209,393,6 cl
17209,542,top up 
17209,618,
17210,2,4 cl
17210,293,1.5 cl
17210,475,1 cl
17210,575,1.5 cl
17210,624,
17210,632,
17210,633,
17211,179,5 cl
17211,229,10 cl
17211,621,
17211,633,
17211,636,
17211,645,
17211,648,
17212,1,5 cl
17212,282,1 cl
17212,475,1 dash
17212,621,
17212,643,
17212,644,
17212,645,
17212,646,
17213,1,4.5 cl
17213,393,1.5 cl
17213,416,1.5 cl
17213,621,
17213,632,
17213,645,
17214,1,2.5 cl
17214,165,1.5 cl
17214,293,2.5 cl
17214,475,1 cl
17214,624,
17215,83,4 cl
17215,455,splash
17215,542,6 cl
17215,624,
17216,4,4.5 cl
17216,12,2 spoons
17216,308,1.5 cl
17217,4,6 cl
17217,308,1.5 cl
17217,352,3 cl
17217,439,1 pinch
17217,475,1 dash
17217,492,3 cl
17217,624,
17218,1,1.5 cl
17218,2,6 cl
17218,539,0.75 cl
17218,618,
17218,633,
17218,637,
17219,223,1.5 cl
17219,308,1.5 cl
17219,498,1.5 cl
17219,523,3 cl
17219,618,
17219,644,
17220,1,2 parts 
17220,80,1 part 
17220,333,full glass 
17220,503,2 scoops 
17221,232,1/2 cup 
17221,333,1 cup 
17221,503,3 cups 
17221,515,for topping
17221,537,"4 tablespoons
"
17221,538,"4 tablespoons
"
17221,541,"15
"
17222,2,1 3/4 shot 
17222,238,1 Shot 
17222,250,1/8 Shot
17222,293,1/4 Shot
17222,618,
17222,619,
17222,630,
17223,2,2 shots 
17223,20,3 dashes 
17223,352,1 shot 
17223,482,1 shot 
17224,1,1 shot 
17224,97,Top up with
17224,155,2 shots 
17225,2,2 shots 
17225,192,1/2 Fresh
17225,250,1/2 shot 
17225,259,1/2 shot 
17225,333,1/2 shot
17225,623,
17225,631,
17226,2,1 shot 
17226,141,1 shot 
17226,165,1 shot 
17226,217,1/8 shot 
17227,189,1 shot 
17227,455,"Top up with
"
17227,482,2 shots 
17227,621,
17228,2,1 1/2 shot 
17228,510,1 1/2 shot 
17228,621,
17229,2,1/2 shot 
17229,3,1 shot 
17229,141,1/2 shot 
17229,189,1/2 shot 
17229,475,1/4 shot
17229,513,1/2 shot 
17229,547,1/4 shot
17230,2,2 oz 
17230,250,1 tsp 
17230,299,Juice of 1/2 
17230,312,Garnish
17230,455,Top up with
17230,624,
17230,636,
17230,637,
17230,643,
17233,2,50 ml 
17233,18,15 ml
17233,113,30 ml 
17233,538,Garnish
17233,543,Grated
17239,60,2
17239,300,100 ml
17239,322,15 ml
17239,475,10 ml
17239,510,25 ml
17239,624,
17241,3,1 1/2 oz
17241,20,1 drop
17241,233,1 1/2 oz
17241,250,1 tsp
17241,308,1 tsp
17241,390,1 tsp
17241,571,1 oz
17241,624,
17242,2,50 ml
17242,165,20 ml
17242,229,75 ml
17242,230,1 long strip
17242,312,1
17242,547,15 ml
17245,2,50 ml
17245,67,15 ml
17245,497,100 ml
17245,549,Garnish with
17245,628,
17246,113,3/4 oz
17246,138,1/2 oz
17246,330,2 oz
17246,621,
17247,2,1 oz
17247,245,1 oz
17247,308,1 oz
17247,323,1 oz
17247,626,
17247,633,
17247,634,
17248,2,1 oz
17248,306,1 oz
17248,354,1
17248,482,1 oz
17248,624,
17248,632,
17248,637,
17249,2,1 1/2 oz
17249,20,1 dash
17249,308,3/4 oz
17249,350,1 dash
17249,351,3/4 oz
17249,618,
17250,2,3/4 oz
17250,293,3/4 oz
17250,498,3/4 oz
17250,539,3/4 oz
17250,573,1 dash
17250,629,
17251,83,1 oz
17251,354,1
17251,436,1 1/4 oz
17251,482,1 oz
17252,1,1 1/2 oz
17252,242,3 oz
17252,623,
17252,632,
17253,4,1 1/2 oz
17253,241,3 oz
17253,623,
17253,645,
17253,647,
17253,648,
17254,2,1 oz
17254,245,1 oz
17254,350,1 dash
17254,482,1 oz
17254,621,
17254,630,
17255,2,2 1/2 oz
17255,308,1/2 oz
17255,312,1
17255,475,1/2 oz
17255,622,
17255,634,
17255,647,
17256,2,1 1/2 oz
17256,20,2 dashes
17256,323,1 tsp
17256,482,1 1/2 oz
17256,621,
17266,43,2 parts
17266,80,4 parts
17266,235,1/2 part
17266,278,1 part
17266,282,2 parts
17266,621,
17266,633,
17267,3,3 parts
17267,44,1 part
17267,179,1 part
17267,250,1 part
17267,352,2 parts
17267,393,2 parts
17267,480,1 part
17267,621,
17267,633,
17268,3,4 parts
17268,67,1 part
17268,179,2 parts
17268,270,cubes
17268,374,1 part
17268,480,6 parts
17268,645,
17268,648,
17824,2,50 ml
17824,230,1 Slice
17824,312,2 Wedges
17824,337,1 Large Sprig
17824,497,75 ml
17824,552,15 ml
17824,553,15 ml
17824,629,
17825,103,1 oz
17825,245,1 oz
17825,264,4 oz
17825,624,
17826,18,50 ml
17826,155,4 oz
17826,273,50 ml
17826,621,
17826,624,
17827,83,1 oz
17827,189,1 oz
17827,436,2 oz
17827,624,
17827,642,
17828,245,1/2 oz
17828,273,2 oz
17828,482,1 oz
17828,621,
17828,633,
17829,293,3/4 oz
17829,567,2 tsp
17829,568,2 tsp
17829,569,2 oz
17829,570,1/4 oz
17829,618,
17829,633,
17830,20,2 dashes
17830,37,1 oz
17830,312,1/2
17830,563,1/3 oz
17830,566,1 oz
17830,621,
17830,639,
17831,229,4 oz 
17831,294,1 twist of 
17831,305,2 oz 
17832,37,1 oz 
17832,228,3 oz 
17832,293,1/2 oz 
17832,294,1 twist of 
17832,305,1 oz 
17832,352,1 oz 
17833,31,1 1/2 oz 
17833,242,1 oz 
17833,621,
17833,624,
17834,2,1 1/2 oz 
17834,106,1 
17834,350,1 dash 
17834,359,Juice of 1/4 
17835,179,1 1/2 oz 
17835,352,3 oz 
17835,378,2 oz 
17835,625,
17836,192,1 
17836,305,1 1/2 oz 
17836,308,1 tblsp 
17836,337,1 
17836,476,1 tsp 
17836,498,1 1/2 tsp 
17836,618,
17837,179,2 oz 
17837,250,1 tsp 
17837,293,1 oz 
17837,621,
17838,350,1 dash 
17838,449,1 1/2 oz dry 
17838,482,3/4 oz 
17839,127,
17839,155,2 oz 
17839,352,2 oz 
17839,473,2 oz 
17839,624,
17839,632,
17839,633,
17840,5,1 1/2 oz 
17840,189,1 oz 
17840,350,2 dashes 
17840,482,1 oz 
17840,621,
178306,272,1 part
178306,440,1 part
178307,4,1 shot
178307,572,1 part
178307,622,
178308,24,4 cl
178308,455,Top
178308,542,6 cl
178309,3,1 shot
178309,139,1 shot
178309,200,1 shot
178309,506,1/2 shot
178309,621,
178310,20,3 dashes
178310,189,1 oz
178310,322,1
178310,323,1/4 oz
178310,436,2 oz
178310,621,
178310,630,
178311,5,1/2 shot
178311,56,3 drops
178311,270,cubes
178311,530,1 Fresh
178311,571,1 shot
178311,629,
178312,1,10 shots
178312,69,1 cup
178312,297,12 oz
178312,308,1/2 cup
178312,412,1 cup
178312,470,3 cups
178313,1,20 cl
178313,104,1 bottle
178313,126,10
178313,230,6
178313,354,3
178313,422,1
178313,624,
178314,2,6 cl
178314,49,Whole
178314,293,2 cl
178314,475,2 cl
178315,2,5 cl
178315,171,Chopped
178315,229,10 cl
178315,299,Chopped
178315,308,2 cl
178315,629,
178315,632,
178316,260,2 cl
178316,293,2 cl
178316,523,6 cl
178316,618,
178317,233,6 cl
178317,308,2 cl
178317,352,2 cl
178317,498,2 jiggers
178318,1,1 oz
178318,155,1 oz
178318,432,1 oz
178318,466,Top
178319,44,1 oz
178319,268,2 oz
178319,393,1 oz
178320,44,1 oz
178320,315,1 oz
178320,393,Top
178321,18,4 cl
178321,352,6 cl
178321,354,Garnish with
178321,525,15 cl
178322,3,20 cl
178322,14,1 tblsp
178322,97,6 cl
178322,308,90 ml
178322,357,Garnish with
178322,476,60 ml
178322,629,
178323,1,1 shot
178323,372,Full Glass
178323,475,1/2 shot
178323,618,
178325,24,100 ml
178325,455,Top
178325,542,150 ml
178325,647,
178325,648,
178326,26,3 shots
178326,30,1 cup
178326,299,1
178326,312,1
178326,455,Top
178326,470,1 cup
178326,525,750 ml
178326,629,
178327,4,4 oz
178327,242,4 oz
178327,312,Garnish with
178327,386,Rimmed
178327,393,8 oz
178327,547,1 oz
178327,618,
178328,3,2 shots
178328,33,1 shot
178328,299,Juice of 1/2
178328,455,Top
178328,602,1 shot
178328,623,
178328,632,
178329,3,2 shots
178329,56,1 dash
178329,192,1 shot
178329,308,1 shot
178329,344,Top
178329,476,Ground
178330,2,1 shot
178330,293,1 dash
178330,328,1 shot
178330,350,1 dash
178330,542,Top
178330,622,
178330,633,
178331,3,1 shot
178331,69,Garnish with
178331,133,1 shot
178331,393,Dash
178331,542,Top
178332,4,1 shot
178332,242,1/3 Cup
178332,312,Juice of 1/2
178332,337,Garnish with
178332,603,Garnish with
178332,646,
178333,71,2 oz
178333,337,8
178333,418,1/2 oz
178333,620,
178333,624,
178333,629,
178333,644,
178334,97,Top
178334,573,2 shots
178334,622,
178335,133,30 ml
178335,242,75 ml
178335,455,Top
178335,623,
178335,634,
178336,69,Whole
178336,179,2 shots
178336,297,Top
178336,308,1 shot
178336,476,Dash
178336,644,
178336,645,
178337,83,1 1/2 oz
178337,229,2 1/2 oz
178337,352,2 1/2 oz
178337,354,Garnish with
178338,3,40 ml
178338,308,30 ml
178338,337,Garnish with
178338,373,15 ml
178338,374,20 ml
178338,540,Dash
178338,618,
178339,2,1 oz
178339,83,0.75 oz
178339,293,Dash
178339,305,1 oz
178339,354,Garnish with
178339,362,Dash
178339,482,0.75 oz
178340,2,30 ml
178340,83,30 ml
178340,352,90 ml
178340,354,Garnish with
178341,2,1 shot
178341,293,Top
178341,352,Top
178341,354,Garnish with
178341,455,Top
178341,549,Garnish with
178341,608,25 ml
178341,625,
178342,2,2 oz
178342,312,1/4
178342,455,5 oz
178342,629,
178342,632,
178343,52,4 oz
178343,266,Dash
178343,308,1 tblsp
178343,460,Dash
178343,492,4 oz
178343,529,Dash
178343,624,
178343,632,
178343,642,
178344,1,2 oz
178344,20,2 dashes
178344,260,1 tsp
178344,497,Top
178344,609,3
178344,610,1 Sprig
178344,629,
178345,122,1
178345,126,2
178345,260,15 ml
178345,299,1
178345,600,50 ml
178345,621,
178345,632,
178345,643,
178345,646,
178346,81,60 ml
178346,312,1
178346,552,3 cl
178346,622,
178347,4,1 2/3 oz
178347,83,1/4 oz
178347,308,3/4 oz
178347,352,1/2 oz
178347,439,Dash
178347,608,1/2 oz
178347,623,
178347,632,
178347,643,
178348,4,2 shots
178348,12,1 tsp
178348,242,Top
178348,308,Juice of 1
178348,386,Dash
178348,625,
178348,634,
178348,643,
178349,1,1 oz
178349,20,Dash
178349,354,Garnish with
178349,612,1 tsp
178349,613,1 oz
178349,614,1 oz
178349,624,
178349,643,
178350,83,1 shot
178350,163,1/2 shot
178350,179,1 shot
178350,308,Top
178350,393,Top
178350,624,
178352,293,2-3 oz
178352,470,8 oz
178352,476,1/2 cup
178352,615,750 ml
178352,624,
178353,29,1 shot
178353,141,1 shot
178353,230,Top
178353,312,Chopped
178353,644,
178354,2,1 shot
178354,60,Garnish with
178354,133,1 shot
178354,308,30 ml
178354,552,25 ml
178354,627,
178355,2,2 oz
178355,60,Ground
178355,293,0.75 oz
178355,337,Garnish with
178355,455,Top
178355,475,0.75 oz
178356,67,10 ml
178356,155,25 ml
178356,300,25 ml
178356,308,Dash
178356,337,Sprig
178356,419,50 ml
178356,475,10 ml
178357,1,3 cl
178357,312,1 cl
178357,372,1 cl
178357,374,3 cl
178357,542,1 shot
178357,618,
178358,270,cubes
178358,312,3
178358,319,Garnish with
178358,337,Sprig
178358,455,Top
178358,523,200 ml
178358,618,
178358,633,
178358,634,
178358,644,
178358,647,
178359,1,1 1/2 oz
178359,286,Garnish with
178359,475,1 tsp
178359,626,
178359,645,
178360,1,1 shot
178360,217,Top
178360,455,1/3 cup
178360,552,2 tsp
178360,632,
178360,633,
178362,1,1 1/2 shot
178362,308,1/2 shot
178362,466,1 cup
178362,626,
178362,632,
178362,636,
178363,1,5 cl
178363,270,cubes
178363,293,7 cl
178363,294,1 Slice
178363,622,
178363,632,
178363,636,
178364,1,4 cl
178364,294,1 Slice
178364,497,10 cl
178364,629,
178364,632,
178364,636,
178365,2,4 cl
178365,270,cubes
178365,294,1 Slice
178365,497,10 cl
178365,629,
178365,636,
178366,2,6 cl
178366,270,cubes
178366,293,8 cl
178366,294,1 Slice
178366,629,
178366,632,
178367,2,4.5 cL
178367,161,6 cl
178367,192,1
178367,293,3 cl
178367,455,2 cl
178367,475,3 cl
178367,502,2 drop
178367,622,
178367,631,
178368,20,4 drops
178368,179,4.5 cL
178368,250,1 cl
178368,352,3 cl
178368,393,3.5 cl
178368,475,1 cl
178369,20,3 drops
178369,141,4 cl
178369,229,100 ml
178369,294,1
